0000	注意
0001	方法
0002	范围
0003	填写参考
0004	项目数字副本 · 原件未出库
0005	历史专卷数字化复核工作台
0006	复核工作台
0007	2026 · 项目内网
0008	工单、受控比对、处置建议与项目回执
0009	内部工单语体
0010	数字化复核人员
0011	使用中
0012	槐水人家
0013	2004 · 地方BBS镜像
0014	本地生活、求助、闲聊与旧帖存档
0015	本地网友口语
0016	槐县及周边网民
0017	只读镜像
0018	槐县档案开放目录
0019	档案目录
0020	2004—2026 · 多次迁移
0021	查题名、年代、责任者、开放状态与参见卷
0022	目录著录语体
0023	查档人员与馆内整理员
0024	持续迁移与勘误
0025	槐北民俗资料网
0026	民俗资料网
0027	1999 · 课题组旧站
0028	采风抄本、地方刊物索引与读者补正
0029	业余整理与站务编辑语体
0030	地方文化爱好者与投稿人
0031	旧页保留，勘误补挂
0032	槐县旧报扫描库
0033	旧报扫描库
0034	1980年代载体 · 2000年代数字化
0035	按日期、版次与OCR正文检索报纸和底片
0036	报纸编目与OCR检索语体
0037	读者、馆员与地方史查询者
0038	胶片影像与OCR分层校正
0039	北坡地质资料库
0040	地质资料库
0041	1992—2026 · 技术资料
0042	雨量、剖面、闭坑、坡体与监测资料
0043	工程技术记录语体
0044	工程与地质资料查询者
0045	按报告号归档
0046	槐县历史专卷数字化复核项目
0047	工单 QA-26-0813-447
0048	一只标着命案原卷号的底片袋，被挂在滑坡卷下二十二年。
0049	你是本批卷宗质检员 QC-447。迁移表已被退回；同批旧索引又将阿山写成‘唯一行为人’。请先抽出交接单上的一个汉字词，到公开站点检索，再决定旧题名能否继续使用。第一词：阿山。
0050	权限：查阅获准数字副本、填写复核回单、提交处置建议。
0051	签收工单
0052	当前复核项
0053	本项来源
0054	返回当前复核项
0055	保存本项回单
0056	从工单正文抽出一个汉字词，到公开站点的检索框里搜。一次只搜一个词。
0057	空串、空格两词、纯英文都检不出结果。检中后打开该条再找下一条。
0058	后段才回到工作台填写回单。提交处置建议只放在终局；你没有批准权。
0059	槐树村那个庙，有人听过没
0060	旧事闲谈 · 1回复 · 镜像含编辑记录
0061	楼主问的是北坡旧祠堂。帖子有人讲门闩，也有人讲冰块，说不到一块。
0062	楼主：小时候不让我们往北坡跑。我奶奶说北坡旧时候还有轮灯、三宿交牌的老例，又说那晚门杠是自己落的；隔壁再说是冰垫着，化了才落。
0063	南桥旧人：镇上那时候都往阿山身上算，说殿里出事的人里就他还活着，街面都叫他第九个。后来我还在一张目录上看见过‘唯一行为人’。
0064	楼主于23:02编辑：先说明，这些都是我小时候听来的，原卷我一页没见过。
0065	用户回忆，非同期原卷
0066	转个老帖，九个人那个
0067	转帖区 · 9回复
0068	原链接已失效。转帖人凭印象留下‘八个，又一个’的说法。
0069	楼主：原链没了。我只记得急救那页先写八个，旁边又补一个，后来就都叫‘第九个’。
0070	4楼：你说的八个是到庙院，还是真进了正殿？老表那几栏不是一回事。
0071	转述
0072	未说明计数口径
0073	冰块把门杠冻住能不能弄
0074	木工杂谈 · 24回复
0075	一楼拿自家院门试了冰托，回帖一直在问融水往哪流。
0076	楼主：冰垫在杠头下面，我这扇门是能掉下来的。但水会沿门槛流一道，旧案现场到底记没记水，我不知道。
0077	木匠老姚：别光看杠子掉没掉。真用冰，接触面、水沟、木头吸水，多少得占一样。要是现场还有铁销和两股线，那就得另画图。
0078	民间结构猜测
0079	不能替代现场物证
0080	西门菜市今天豆角多少钱
0081	街坊互助 · 11回复
0082	几位住户报了早市价格和摊位位置。
0083	七点半问的，长豆角一块二。靠水产那排贵两毛。
0084	下午收摊早，别白跑。
0085	街坊互助
0086	完整
0087	南桥修自行车的搬哪儿了
0088	问路 · 7回复
0089	修车摊迁到粮站旧墙边，雨天不出摊。
0090	原来桥边那位搬到粮站西墙了。
0091	补胎还是两块，周一歇。
0092	问路
0093	北街又停电了吗
0094	生活 · 31回复
0095	用户按街段报告停电和恢复时间。
0096	我们这边九点五十停的，县中那头还有灯。
0097	供电所录音说线路检修，十一点前后恢复。
0098	生活
0099	缺2楼附件
0100	八六届二班同学会照片
0101	校友 · 46回复
0102	老同学认人、补名字，照片按上传顺序排列。
0103	第一张后排左二我认不准，先别往名单里写。
0104	照片只凭脸容易认错，等班主任那本点名册。
0105	校友
0106	图片缩略图可用
0107	今晚河湾夜钓水涨得快
0108	钓友 · 14回复
0109	钓友记录河湾水位和撤离时间。
0110	十点以后涨得快，桥墩第二道漆线快没了。
0111	别去北坡脚，那边刚冲过沟。
0112	钓友
0113	此文件已被禁止访问
0114	禁止页 · 无权限
0115	源码与管理员密码检索不会命中条目。
0116	禁止访问。请回到已打开页，抽出一个汉字词继续搜。
0117	禁止访问
0118	不能代替来源核对
0119	2004建目 · 2026复核
0120	槐树村祠堂案／旧索引争议项
0121	IDX-XGA98-ASHAN-2004 · 目录开放
0122	历史题名含‘阿山系唯一行为人’。本条已挂起源复核标记。
0123	著录依据：旧箱侧工作便签。便签未署名，未注引文书号。
0124	处理记录：旧题名保留供迁移核对；当前著录状态为‘待复核’。
0125	目录层，不替代案卷内容
0126	HS-98箱脊简称迁移对照
0127	扫描批次 HS98-R07 · 4页
0128	2004年迁移表。同一箱脊简称下列有两个原卷和一个扫描批次。
0129	原卷对照：XGA-1998-0717-03→HS-98-0717；DZ-1998-0719-11→GR-98-0719。
0130	批次号：HS98-R07。备注：底片袋B当前参见项与袋签原卷号不一致，疑系后写覆写所致，待改挂。
0131	迁移差错待纠
0132	槐树村正殿进入记录（四表合并目录）
0133	目录卡 · 影像开放
0134	庙产交接、卫生员签收、介绍信和门口登记共四表，姓名项已按文书号去重。
0135	合并姓名：赵成海、刘庆余、阿山、张大福、李有业、周守义、孙桂兰、林青。重复签收不另起一人。
0136	字段说明：‘到场’‘进院’‘入殿’为不同栏。首次完整跨入正殿项需依影像逐笔复核。
0137	离场栏抄录：赵成海22:09，刘庆余22:08，孙桂兰22:07。其余五人未见22:10前离场记载。
0138	名单不含未登记者
0139	纸本文书第427批逐页扫描说明
0140	数字化批次说明 · 公开
0141	2004年05月06日入批，共427册。数字文件依当日扫描环境写入创建时间。
0142	逐页登记页数、缺角和封袋号，可与入库清单回查。
0143	文件校验值覆盖扫描正文；原件形成日期仍依纸本著录。
0144	县农机厂职工登记：林文
0145	开放名录 · 同名项
0146	1964年生，城西住址，1996获奖后仍连续在岗。
0147	本条林文为农机厂职工，与1975失踪的林家长子不是同一人。
0148	排除字段：出生年、住址、连续履历。
0149	城西工人路
0150	陈家湾迁出登记目录卡
0151	民政档案 · 仅目录
0152	记录迁出日期、接收地和回执页数。
0153	接收地回执齐全，影像因隐私限制不开放。
0154	目录开放
0155	九月水利站巡沟记录
0156	水利档案 · 12页
0157	按沟段记录清淤、堵点和复查日期。
0158	北沟三段清淤完成，复查未见回堵。
0159	记录责任人只说明排班，不说明个人意见。
0160	北沟3段
0161	档案阅览室年度利用统计
0162	馆务 · 2页
0163	统计查档人次、复制页数和无法提供原因。
0164	全年接待418人次。未提供项目包括隐私限制、尚未数字化和不属本馆。
0165	开放
0166	1964材料 · 1999录目
0167	北坡三户轮灯簿与守更例
0168	底本：村社私存材料 · 异文照录
0169	根据轮灯簿、灯油支领页和巡沟页合并整理。底本影印与逐行校记见附图。
0170	站务注：原页用字不一，转写处一律保留‘户’‘更’‘手’等字，不以现代习惯改写。
0171	材料来源栏：人间存券、轮灯簿、灯油支领、巡沟页。各页不等高，裁切时未补足缺边。
0172	最后整理：1999-10-06。若有同批底本，请附页码来信，不收口述改写稿。
0173	人间存券、轮灯簿、巡沟页
0174	不含儿童或固定个人灯位
0175	1970—1974覆写层
0176	三基一守条目（来源层待核的后出文本）
0177	旧题名‘地方旧俗原文’已勘误
0178	本页旧题名已于2026年08月改挂。附图并列1964底本、覆写版与局部刮痕。
0179	页面说明：现存件有补笔、刮擦和墨色差。为避免网页缩图把它们混在一起，站务重新排了底本、覆写与细部三个查看位。
0180	旧链接不删，但题名上方已加版本勘误。引用过旧题名的读者，请改用版本号VER-FOLK-1974-2026-08。
0181	录入人留言：本页不补猜被刮掉的字，只按现有笔画分层。
0182	来源层待核
0183	版本记录：1974条目来源层勘误
0184	版本历史 · 固定公开记录
0185	题名从‘地方旧俗原文’改为‘来源层待核的后出文本’。
0186	改动项：题名、来源层备注、影印图组次序。原URL与旧版页面均保留。
0187	著录处理：1964底本和1970—1974覆写层分别立项，互设参见。
0188	勘误人：槐北民俗资料网站务。如仍发现旧题名缓存，请在来信中注明页面地址。
0189	公开
0190	地方旧俗原文
0191	1987采录 · 2001上网
0192	庙后旧矿走访小记
0193	读者来稿 · 地点未经测绘复核
0194	读者以步数记了一次庙后找矿口的路程，没带测绘图。
0195	来稿：从庙后往北，越过两道沟，坡下有封过的老口子。我当时只数了步子，没带表。
0196	编辑留言：方向先照投稿保留。坐标、高程和闭坑情况请另查北坡地质资料。
0197	口述游记
0198	无坐标、无剖面
0199	轮值簿普通交牌实例一则
0200	网页抄录 · 第14页
0201	前手夜间离界后，从下一个完整18:00—06:00夜班开始计宿。
0202	五月初四23:10前手退界；初五18:00至初六06:00为第一宿，顺次计至第三宿。
0203	不足一个完整夜班的当晚不计。页面日期沿用底本，换算表另列公历。
0204	18:00—次日06:00
0205	不适用
0206	方言词：灯脚、添油、落更
0207	方言索引 · 槐北片
0208	整理三种日常照明和夜间轮值用语。
0209	‘落更’在本条指结束一班夜守，不等于仪式身份。
0210	课题组方言小组
0211	1997采录
0212	桥会唱本目录
0213	目录卡 · 音频缺失
0214	列出春季桥会唱本题名、演唱者和磁带编号。
0215	磁带正在转存，暂提供目录和文字提要。
0216	目录可用
0217	1989采录
0218	雨夜巡沟口述三则
0219	生产习俗 · 3条
0220	村民谈雨夜听水声、看落石和轮班。
0221	西沟的说先听水，北沟的说先看石。三个讲述人各按自己的排班讲，编辑未将次序归并。
0222	槐北三村
0223	网页抄录
0224	读者补正：两个同名山口
0225	勘误栏
0226	读者张先生寄来方位图，指出旧文里两个同名‘老垭口’并非一处。
0227	勘误：原文‘北岭口’改作‘东岭口’。核对项为采录地坐标及进村方向。旧页保留，页首已挂此条。
0228	已勘误
0229	BF-11桥头底片整条与摄影日志
0230	底片袋B · 11—15帧 · OCR不适用
0231	底片袋B的11—15帧已按齿孔连成整条，可与同袋摄影日志对读。
0232	编目注：旧目录只留了中间画面的缩略图。本次补入整条底片，未重排帧位。
0233	摄影日志时刻为23:44；齿孔、冲洗号连续。远景人物清晰度不足以作面部识别。
0234	摄影日志／路牌／水尺
0235	面部识别条件不足
0236	地方材料拾零：三宿交牌残句
0237	《槐县报》第4版 · 胶片118帧
0238	1982年06月18日第4版整版影像，缩微胶片定位为118帧。
0239	检索库曾把本版一处字形识别为近形字。2012年校正的是OCR文本，整版影像未替换。
0240	查阅顺序：先看118帧整版，再与当日发行目录和合订本印章比对。
0241	2012校正
0242	县农机厂技术比武揭晓
0243	第2版 · OCR已校
0244	县农机厂公布春季技术比武名单，报道按工种列一、二等奖。
0245	二等奖：林文，县农机厂机修组。
0246	本条人物栏只著录姓名与工作单位，未见出生年、住址。
0247	人工校正
0248	OCR校正记录 884号
0249	校正日志 · 正文未改
0250	检索文本近形字校正，任务号884。影像文件未重生成。
0251	层级记录：2004年扫描；2012年OCR字段修正。校正前后影像文件标识一致。
0252	三日
0253	三宿
0254	否
0255	夏季客运班次调整
0256	第1版 · 公告
0257	县站调整北线首班车和雨天停靠点。
0258	北线首班提前十分钟，暴雨时不停河湾临时站。
0259	可检索
0260	麦收服务队下乡检修农机
0261	第2版 · 生产
0262	报道三支检修队的路线和服务点。
0263	一队走南线，二队驻西庄，三队上北沟。各点班表由农机站当日登记。
0264	周末露天电影预告
0265	第3版 · 文化
0266	县文化馆公布三处放映点和雨天改期办法。
0267	北街场周六晚七点半，雨天顺延。
0268	失物招领：一串仓库钥匙
0269	第4版 · 分类
0270	钥匙由汽车站值班室保管，须说清挂件。
0271	三月一日晚在县站候车室拾到仓库钥匙一串。失主请向值班室说明钥匙数和挂件样式。
0272	北坡废矿闭坑图与封堵验收
0273	报告号 BP-M92-17 · 坐标开放
0274	BP-M92-17闭坑验收件，含平面、纵剖面和封堵点复查表。
0275	测量摘录：巷道终点与正殿平面距离184米，高程低26米；两者之间剖面为连续页岩。
0276	复查栏：1998年08月未见封堵开裂、渗漏或沉降异常。
0277	连续页岩
0278	北坡局部滑坡首次报送与自然条件
0279	报告号 BP-1998-0719 · 已结项
0280	北坡旧界段局部滑坡首报，报送时间1998-07-19 23:41。
0281	现场条件：累计降雨偏高，页岩软化，坡体渗水，坡脚有新冲刷。坡上旧庙基台未见位移，评定为自然致灾条件充分。
0282	报告范围：滑坡时间、位置、变形量及工程地质条件。未设民俗或人员身份调查栏。
0283	北坡旧界段
0284	自然机制充分
0285	旧庙外轮廓与北墙复测数据
0286	工程测绘 · 坐标表开放
0287	1998年08月对旧庙外轮廓、内墙线和墙厚的一次同坐标复测。
0288	附图包括旧庙外轮廓、1998实测内墙线和已编号房间表。
0289	数值需在HX-54／本地校正系下统一标尺后重新闭合，请勿按网页预览宽度直接量取。
0290	外轮廓／内墙线／墙厚／已编号房间
0291	HX-54／本地校正
0292	西岭四号观测井月报
0293	地下水 · CSV开放
0294	记录水位、温度和缺测日。
0295	4月12日设备检修，缺测已标typed-missing，不作插值。
0296	结项
0297	县道K17边坡排水复核
0298	工程地质 · PDF开放
0299	检查截水沟、锚固和雨后裂缝。
0300	工点范围：县道K17+200至K17+640。槐树村北坡不在本报告坐标框内。
0301	槐北雨量站三季度数据说明
0302	监测数据 · CSV开放
0303	说明时区、缺测和累计雨量口径。
0304	时区统一为北京时间；跨日累计从00:00起算。
0305	1976目录
0306	北沟钻孔柱状图目录卡
0307	仅元数据 · 原始数据未开放
0308	开放项目包括报告号、调查单位、范围和坐标系。孔深及岩性表未上网。
0309	访问状态：metadata-only。原始钻孔柱状图需按BG-CORE-76另行申请。
0310	图层叠加常见问题：坐标与高程
0311	使用说明
0312	提醒平面相近不等于高程和剖面贯通。
0313	叠图前核对坐标系、高程基准、资料年代和范围。
0314	帮助
0315	AS-98约束装置检尺卡
0316	柱环、链节、锁销和铅封的原位检尺。
0317	柱环基点坐标(2.14,4.08)，有效链长0.86米；锁销和铅封收取时连续。
0318	按链长、柱体半径与肩宽合并检尺，最大可达区外缘距基点1.43米；本卡不作法律无责结论。
0319	正殿痕迹分区与拖移复核
0320	两处施力痕迹、工具落点和地面拖移检查。
0321	头部作用区距柱环基点1.74—2.02米；颈部作用区距基点1.61—1.88米。
0322	作用区至尸体最终位置分别有位移差；地面未见从柱边延伸的连续拖移，清单无延长工具。
0323	三份成人尸检窄字段摘要
0324	张大福、李有业、周守义三份对象独立的原卷字段。
0325	张大福：颈部绳索压迫所致窒息；不写‘惊吓自掐’。李有业：冲突期间急性心肌梗死；无致命外伤。
0326	周守义：头部钝性损伤。三份摘要只记死因字段，均不唯一分配行为人。
0327	颈部绳索压迫所致窒息
0328	急性心肌梗死
0329	头部钝性损伤
0330	八名登记者23:44去向对照
0331	只把四表内八名登记者的同期去向并列，不识别底片人物。
0332	离场表记赵成海22:09离开后于22:19进入卫生室连续处置；刘庆余22:08离开后于22:20在东堤签到；孙桂兰22:07离开后于22:18起在村委电台值守。
0333	阿山23:31起在救护登记区；张大福、李有业、周守义留在现场处置链；林青23:36由救护车转送。
0334	本表不含底片人物姓名，不说明任何人进入正殿、来自墙后空间或与匿名U1相同。
0335	四表内八名登记者
0336	不可识别
0337	AV-04波形与双报时标记
0338	走带波形、双报时点与六个待排事件段的数字视图。
0339	标记员已在波形上框出两处报时和六个事件段，未为事件段预排顺序编号。
0340	走带漂移需使用两个报时点校准；底噪连续性另列在同一轨道。
0341	AV-04可访问转写与事件卡
0342	非语义声音的文字等价视图；不标注发声者。
0343	E1开板／E2赤足落地／E3撞击／E4抬杠／E5关门／E6落槽。
0344	录音机在撞击段后跌落但继续录音；转写只记声音类型和相对位置。
0345	DOOR-98-A构件检尺
0346	门体、木杠、承槽、导向环、暂托销与门缝的同标尺构件图。
0347	检尺图保留内外侧、转轴端、承槽剖面与各接触点标注。
0348	请在原图上读取长度、直径、门缝与开启方向，网页不另制简化示意图。
0349	图内标注
0350	内外侧已标
0351	门闩纤维、划痕与清单摘录
0352	门杠、销颈、导向环、门缝与地面的分区痕迹记录。
0353	记录页已将纤维接触、金属擦痕、声音延迟和地面检查分栏排列。
0354	现场清单与痕迹图为两个来源层；需对读后才能勾选候选方案所需字段。
0355	纤维／擦痕／声音／地面
0356	另栏
0357	墙后物件形成时间卡
0358	修补线、药袋、纸本和断口各自的时间上下界。
0359	修补线压在1974灰层下；药袋批号最早不早于1982。
0360	纸本页已列入1998封存清单；救援开板断口在收取时仍新鲜。
0361	墙后沉积与使用层剖面
0362	煤烟、送食口磨损与物件层位的相对顺序。
0363	下层修补线早于药袋层；纸本压在较新煤烟下，救援断口切过全部旧层。
0364	剖面只支持多个年代的使用痕迹，不提供逐日连续居住记录。
0365	P-07／D-03／W-02匿名样本卡
0366	三件样本谱、收取位置与保管链并列，不含姓名。
0367	P-07来自墙后木板；D-03来自暂托销；W-02来自墙后旧绷带。三者匿名样本谱一致。
0368	三件各自独立封袋，收取人、时间和库位连续。
0369	F-02连续足迹与缺趾字段
0370	赤足印测点、个体特征与离场时间的路线图。
0371	足迹测点由同一组编号连续记录，左足个体特征在各段重复出现。
0372	路线图以23:26为离场记录时点；桥头底片另袋著录，未拼入本图。
0373	匿名U1首次跨入事件卡
0374	AV-04相对时序、门槛痕迹与八人表的并列事件字段。
0375	开板后，连续赤足痕从墙后门槛完整跨入正殿；校准时间为22:47±1。
0376	四张登记表没有这条匿名进入记录；事件卡不含姓名，也不连接23:44桥头M1。
0377	U1身份合取核验回单
0378	匿名样本、亲缘模型、家庭唯一性与旧伤字段的联合核验。
0379	核验范围：匿名人物U1身份登记。样本归一、全同胞关系、家庭唯一性、失踪时间窗和旧足伤均通过字段一致性核验。
0380	排除范围：BF-11远景人物、门外落杠操作和三名成人死亡行为不在本回单的身份判定范围内。
0381	匿名人物U1身份登记
0382	BF-11认脸／死亡行为分配
0383	林家户籍、学籍与失踪窗合并目录
0384	1975复核
0385	林青的有记录全同胞与林文失踪时间字段。
0386	父母档案与学籍交叉后，林青只有一名有记录全同胞哥哥：林文。
0387	林文最后公开学籍/户籍活动止于1975；同名人员需另按出生年和住址排除。
0388	MED-LW-72旧伤门诊卡目录
0389	林文左足旧伤的同期医疗字段。
0390	患者林文：左足第二趾远节缺失，伤后复诊。
0391	本卡只提供姓名、年份和体征，不包含1998行为记录。
0392	林文
0393	左足第二趾远节缺失
0394	U1五项行为字段表
0395	1998材料／2026复核
0396	五项行为命题各自绑定直接来源和当前状态。
0397	接触与离场：墙后木板接触—可确认；暂托销接触—可确认；23:26离场—可确认。
0398	行为责任：门外落杠—仍未决；成人死亡责任—仍未决。
0399	方小禾生活与最后到校记录
0400	点名、迁转表领取和官方去向的时间字段。
0401	1971年秋最后到校记录完整；其后村级边注写‘随亲迁出’。
0402	本附件不含其他儿童的生活材料。
0403	方小禾
0404	随亲迁出
0405	方小禾迁入接收核查
0406	1971—2026核查
0407	迁出边注对应的接收地、存根与回执空缺。
0408	所列接收地无同名迁入回执；迁转表领取存根存在，但没有完成接收联。
0409	空缺只说明接收链未闭合，不证明死亡。
0410	HR-01／方小禾独立身份核验
0411	年龄年代、左桡骨旧伤与同胞弟弟模型。
0412	UNIT-G14／HR-01：约8岁，左桡骨陈旧愈合畸形；1971地坪层。
0413	在世同胞弟弟全同胞模型支持身份关联；不借用牙科或胫骨特征。
0414	左桡骨陈旧愈合畸形
0415	邓梅健康卡与最后记录
0416	学校健康卡、最后到校和村级官方去向。
0417	1973年学校健康卡与最后记录相接；村级边注后写‘病亡’。
0418	本附件不含方小禾或许有生的生活材料。
0419	邓梅
0420	病亡
0421	邓梅医疗与墓地接收核查
0422	1973—2026核查
0423	医院、村医和墓地三类接收记录的检索结果。
0424	医院死亡登记、村医接收页和公开墓地登记均无对应接收。
0425	三处空记录不能推出药物、死因或行为人。
0426	HR-02／邓梅独立身份核验
0427	年龄年代、乳磨牙治疗痕与母女模型。
0428	UNIT-G16／HR-02：约8岁，上颌乳磨牙有特殊治疗痕；1973补铺层。
0429	在世母亲的母女模型支持身份关联；不借用桡骨或胫骨特征。
0430	上颌乳磨牙特殊治疗痕
0431	许有生疫苗卡与最后记录
0432	疫苗卡、跑腿名单与官方‘落水失踪’时间字段。
0433	1974疫苗卡后仍有一条最后记录；村级公告写‘落水失踪’。
0434	跑腿名单只证明一次普通接触机会，不证明到达最终地点。
0435	许有生
0436	落水失踪
0437	许有生河道接收核查
0438	1974—2026核查
0439	搜寻公告、下游接收和无名儿童登记检索。
0440	同期河道搜寻公告存在；检索范围内无对应无名儿童接收。
0441	河道空记录只收窄官方去向，不证明死亡经过。
0442	HR-03／许有生独立身份核验
0443	年龄年代、右胫骨旧反应与同胞妹妹模型。
0444	UNIT-H15／HR-03：约8岁，右胫骨旧骨膜反应；1974封面层。
0445	在世妹妹全同胞模型支持身份关联；不借用桡骨或牙科特征。
0446	右胫骨旧骨膜反应
0447	UNIT-G14匿名单元与地坪层
0448	1971层
0449	匿名单元坐标、工程层与位置号，不含姓名。
0450	UNIT-G14／HR-01位于东侧第一旧灯位范围，封闭层对应1971工程。
0451	POS-EAST-1/东一位
0452	UNIT-G16匿名单元与补铺层
0453	1973层
0454	UNIT-G16／HR-02位于西侧第二旧灯位范围，补铺层对应1973工程。
0455	POS-WEST-2/西二位
0456	UNIT-H15匿名单元与封面层
0457	1974层
0458	UNIT-H15／HR-03位于北侧第三旧灯位范围，封面层对应1974工程。
0459	POS-NORTH-3/北三位
0460	E98-O-031守牌来源卡
0461	牌号、旧缺口、穿绳磨损、原位照和逐次保管节点。
0462	守牌于1998-07-17在墙后生活层原位照后独立封袋；2004只隔袋扫描。
0463	牌号、旧缺口与尾券拓印对应；1998—2026出入库连续。
0464	交手尾券牌号与拓印卡
0465	1964／1974覆写
0466	尾券编号、缺口描摹与穿绳痕的可见字段。
0467	尾券记GT-74-1，半缺口方向为东北；拓印显示旧穿绳磨损。
0468	尾券是人间存券附属经手记录，不是第四件独立契物。
0469	1964北坡旧界方位图
0470	旧界线、交牌界符号、庙门与方位参照的原图。
0471	原图为手绘方位图，北向、比例尺、界线和两处门位均保留原标注。
0472	图上不含1998人员路线；请以共同测点与1998平面配准。
0473	1964北坡旧界图
0474	1998救援平面与23:26离场线
0475	1964旧界线与1998离场路线的同坐标配准图。
0476	叠图使用两个固定墙角和正门轴点校准，离场线以F-02测点连接。
0477	23:44桥头底片未参与本次空间配准。交点需在叠图上读取。
0478	两墙角／正门轴点
0479	SRC-COV-HUMAN人间存券来源卡
0480	东柜收取、独立封袋、扫描和现保管状态。
0481	1964形成，1970—1974刮改覆写；1998正殿东柜原位照后收取，2004只扫描物证卡。
0482	2026仍在警方受限保管单元；不证明1974仪式举行或改写者。
0483	SRC-COV-MOUNTAIN告山副券来源卡
0484	北坡封闭券龛原位发现与连续封装入库。
0485	1964同批形成，1974后置于北坡界石旁券龛；2026排水加固时原位发现。
0486	录像、封泥、取出、封装和入库签收连续；不确认放置者或非人接收。
0487	候选方案A六项现实动作预览
0488	2026故事内方案卡
0489	独立编号、限定问题、人员动作、返还、取消与结论范围。
0490	一、编号与目的：三件原物沿用各自编号、文书、包装与封识；只回答限定问题RQ-01，不合并权属。
0491	二、人员、时间、地点：各保管机构另行授权后，由原机构经办人与指定鉴定人员在县联合检验室独立分格台执行，限同一白班三小时；QC-447不在经办名单。
0492	三、物理动作：各件置于同一外层校准装具的独立分格，彼此不接触；只比较断边微形变与半印相对位置，不补字、不补纸、不重印。
0493	四、移出与返还：各原机构人员分别核封、启封、看护、复封，白班结束前按原链返还；发现物随后由指定库房验封入藏。
0494	五、取消与回退：任一机构批准、场地、状态、封识或运输条件不满足即取消；异常时原路复封返还，不改走另一方案。
0495	六、结论范围：只记录实际动作与RQ-01限定意见；不就1974操作、民俗效力、儿童死亡责任或额外因果出具意见。
0496	仅提交建议
0497	各原件保管机构
0498	指定经办人员
0499	候选方案B六项现实动作预览
0500	分件保护、数字参见、最终入藏、异常回退与未决边界。
0501	一、编号与目的：三件原物保持各自编号和保管链；以最小移动完成保护与数字有界参见，RQ-01接受未决。
0502	二、人员、时间、地点：各现保管机构的受权文保人员在各自库房正常白班分别执行；没有共同地点或共同时间窗，QC-447不经办。
0503	三、物理动作：原物不进入共同装具；分别完成现状评估、适宜支撑与封装，保存认证影像、无损检测和统一校准的衍生数据。
0504	四、移出与入藏：不为比对跨库移出；各件由当前经办人核封，发现物由指定库房验封、核收并完成最终入藏。
0505	五、异常与回退：任一件状态异常即按自己的保管流程回退，不为缩小未决而增加原物风险。
0506	六、结论边界：分件保护完成不等于旧契无效、儿童已经获释或额外因果不存在；RQ-01继续保持未决。
0507	无
0508	赵成海防汛红绳领物与暂盘
0509	两盘红绳领用、暂盘少一盘和物资职务字段。
0510	赵成海签领两盘新制防汛绳；次晨暂盘先记少一盘。
0511	领用本身只证明经手物资，不证明关键时窗位置。
0512	卫生室连续处置与近路中断记录
0513	处置签字、见证时段和积水断路报修。
0514	22:19起赵成海在卫生室连续协助处置至00:05；多人分段签字相接。
0515	22:16近路因积水中断，绕行无法覆盖门闩关键时窗。
0516	门闩纤维与沙袋终盘对照
0517	门闩残留纤维、防汛绳批次和沙袋核销。
0518	门闩残留为旧棉纱左捻；防汛领物为新制涤棉混纺右捻。
0519	暂盘少的一盘在次晨沙袋捆扎终盘中核销。
0520	墙后纸本1998封存清单
0521	封袋号、页数、缺角和2004逐页扫描的对应字段。
0522	纸本在1998以袋号E98-D-044封存，页数及右下缺角已登记。
0523	2004扫描逐页对应同一袋号；数字哈希只覆盖扫描正文。
0524	1982《槐县报》发行与合订本目录
0525	发行目录、胶片帧和县图书馆借阅章。
0526	1982-06-18第4版列入当日发行目录；合订本同版同句并有1982借阅章。
0527	2004扫描与2012 OCR校正不改变该版出版时间。
0528	BF-11五格底片接触印样，保留齿孔、时间尺、水尺与路牌参照。
0529	底片袋BF-11数字接触印样 · 请按齿孔顺序与摄影日志对读
0530	AV-04音轨波形与时间尺，两处报时点及六个待排事件段可见。
0531	AV-04波形视图 · 先定报时锚点，再读相对顺序
0532	1998年旧庙测绘平面图，标有外轮廓、内墙线、门口、比例尺和测点。
0533	1998旧庙复测图 · 数值须在同一坐标与标尺下闭合
0534	1964年轮灯簿与存券的底本数字影像，纸面、行款、批注和残损边界可见。
0535	1964底本影像 · 请按原行款辨认户、轮值、交手与撤止条款
0536	1970至1974年覆写文本的数字影像，补笔、刮擦与墨色差分布在原有行款中。
0537	1970—1974覆写层 · 与1964底本分层对读
0538	底本与覆写层的局部对照裁切，包括关键字、刮擦边缘和墨色交界。
0539	版本细部裁切 · 勘误页只标记层次，不补猜缺字
0540	1982年06月18日《槐县报》第4版整版缩微影像，版头、栏序和正文区块可见。
0541	《槐县报》1982-06-18第4版 · OCR仅作定位，字形以整版影像为准
0542	1998年连续足迹与离场路线图，由墙后门、正殿至门廊的测点按时序连接。
0543	F-02连续足迹路线 · 路线与桥头底片分开著录
0544	1964年北坡旧界方位图，含北向、界线、界符、庙门与参照点。
0545	1964北坡旧界图 · 先核北向和标尺，再与1998路线配准
0546	1964旧界线与1998年离场路线的配准叠图，两组坐标参照和门口交叠区可见。
0547	1964旧界—1998离场线配准图 · 只读取路线与界线的空间交点
0548	内开双门、转轴木杠、承槽、导向环、暂托销与门缝的构件关系图。
0549	DOOR-98-A构件检尺图 · 构件关系与操作者身份分开记录
0550	门杠、暂托销、导向环和门缝的痕迹记录页，纤维、擦痕、方位与测量点可见。
0551	门部痕迹记录 · 请与构件检尺图交叉阅读
0552	AV-04波形与E1至E6事件卡的对照视图，事件卡只记声音类型，不记发声者。
0553	AV-04可访问事件卡 · 与同轨波形对齐查看
0554	E98-P-017人间存券的1964底本数字影像，原行款、残损边界与纸面标记可见。
0555	E98-P-017人间存券 · 底本影像与保管链分栏著录
0556	1982年06月18日第4版整版影像，可与发行目录、胶片帧号和合订本印章交叉核对。
0557	1982第4版整版影像 · 用于发行、载体与借阅时间核对
0558	门闩痕迹记录页，可与防汛绳批次、捻向和沙袋终盘账目对照。
0559	门闩纤维—防汛终盘对照 · 痕迹字段与领用账分开核读
0560	1964旧界线与1998离场线的配准叠图。
0561	配准叠图 · 交点意义与持牌状态分开登记
0562	1998年F-02足迹与离场路线原图。
0563	F-02离场路线原图 · 叠图前先核路线测点
0564	1964底本与后出覆写层的同尺度局部对照。
0565	版本细部对照 · 与整页底本并读
0566	覆写层的刮擦、补笔与覆纸局部对照。
0567	覆写细部 · 按纸层、墨层与笔画边缘读取
0568	1970至1974覆写文本整页影像。
0569	覆写版整页 · 与勘误裁切分层查看
0570	E98-P-017上1970至1974覆写层的整页影像。
0571	E98-P-017覆写层 · 与1964底本及保管节点分开著录
0572	2026 · 待审处置方案卡
0573	卷号归位
0574	分类 · 卷号层级
0575	两张卷皮、底片袋签、2004扫描批次目录、水损急救OCR残页
0576	迁移表把两个原卷排在同一箱脊简称和扫描批次下。
0577	根据卷皮与袋签，完成一次编号映射。
0578	为什么旧索引把阿山写成唯一行为人？
0579	双卷号映射
0580	按卷皮、扫描批次和底片袋签逐栏登记。
0581	1998命案原始卷号
0582	1998滑坡原始卷号
0583	2004共同扫描批次
0584	底片袋B的袋签应参见哪一2026工作号
0585	HS-98-0717（命案卷）
0586	GR-98-0719（滑坡卷）
0587	先看每个编号旁的形成年份。
0588	按‘原卷—扫描批次—工作号’分层，不按字面相似度。
0589	袋签写的是XGA原卷；目录当前挂在GR工作号。
0590	命案XGA-1998-0717-03、滑坡DZ-1998-0719-11，共同批次HS98-R07；底片袋B回到HS-98-0717。
0591	说法分层
0592	分类 · 来源层级
0593	旧索引、论坛首版/编辑版/转帖、三份尸检摘要
0594	同一件旧事在尸检摘要、迁移索引和论坛里留下了不同说法。
0595	为四条说法登记最早可追溯的来源层。
0596	阿山能否到达三处暴力作用区？
0597	四条说法的来源
0598	只核最早可追溯的材料类别，不对讲述者作人物判断。
0599	‘阿山系唯一行为人’
0600	原卷字段
0601	对象错配
0602	后期工作便签/转述
0603	原卷无对应项
0604	‘三人都是惊吓后自掐’
0605	把一处颈部损伤扩成三人
0606	后期转述但对象无误
0607	原卷完全无死亡记录
0608	‘冰化后门杠落下’
0609	现场清单确认
0610	论坛结构猜测
0611	尸检对象错配
0612	正式检验已证明绝无可能
0613	‘周守义头部钝性损伤’
0614	尸检原卷字段
0615	论坛转述
0616	原卷无此项
0617	把发帖时间和尸检形成时间并排。
0618	先找每句话最早能落到哪一类文书。
0619	‘自掐’把张的颈部损伤错套给三人；冰说没有现场清单支撑。
0620	唯一行为人=后期便签/转述；三人自掐=对象错配；冰化=论坛猜测；周的头部钝伤=尸检原卷字段。
0621	阿山作用区
0622	叠图 · 可达范围
0623	柱环、链节、锁销、铅封、比例尺、作用区、工具与拖移层
0624	柱环检尺卡与两处痕迹图使用同一基点，但尚未合并显示。
0625	选择参与叠加的图层，保存一条可达范围意见。
0626	门闩结构是否真能由门外完成？
0627	作用区叠加
0628	勾选实际参与配准的图层，再选一条可写入回单的意见。
0629	叠加所需图层
0630	比例尺与柱环基点
0631	链节最大可达区
0632	两处暴力作用区
0633	工具位置与无拖移层
0634	人物面部推测
0635	可保存的结论
0636	阿山没有任何法律责任
0637	现有材料不支持阿山到达暴力作用区或成为唯一实施者
0638	另一名离场者必为行为人
0639	尸体位置旁还有‘作用区’和‘拖移’开关。
0640	用比例尺把可达区与施力区相交，并排除延长工具/拖移。
0641	需要比例尺、最大可达区、两处作用区、工具与拖移四层。
0642	选择scale、reach、force、drag；结论只到‘现有材料不支持到达作用区或成为唯一实施者’。
0643	声音时序
0644	排序 · 录音校准
0645	AV-04双报时、波形、转写、连续底噪与跌落后录音
0646	AV-04有走带漂移，波形上保留了两个报时点和六个待排事件段。
0647	用报时校准轨道，提交声音事件顺序。
0648	怎样在门外抽销并回收绳？
0649	AV-04相对时序
0650	先勾选校准点，再拖排事件卡；键盘输入时用逗号分隔代码。
0651	校准锚点
0652	22:30报时
0653	23:00报时
0654	录音机跌落
0655	23:44底片
0656	事件顺序
0657	开板
0658	赤足落地
0659	撞击
0660	抬杠
0661	关门
0662	落槽
0663	波形上两次整点报时是固定锚。
0664	先校准走带，再按波形从左到右，不要用底片时间替录音定锚。
0665	开板和落地在撞击前；抬杠、关门、落槽在撞击后。
0666	锚点22:30、23:00；顺序：开板→赤足落地→撞击→抬杠→关门→落槽。
0667	门闩候选
0668	构件模拟 · 结构检算
0669	内开双门、转轴木杠、暂托销、导向环、纤维与划痕
0670	构件检尺图、痕迹记录与网友的冰托试法现已并列。
0671	选定一种可检算的门闩方案，勾出与之相合的痕迹。
0672	当夜有谁能处在门外？
0673	普通建筑构件检算
0674	按构件几何和痕迹字段登记候选方案；本表不设操作者栏。
0675	可从门外完成并回收绳的方案
0676	冰块暂托木杠
0677	单绳直接拉杠
0678	锥形暂托销＋导向环＋无结U形回收绳
0679	与候选相合的现场项
0680	8毫米暂托销
0681	双股旧棉纤维
0682	轴向划痕
0683	关门后约4秒落槽声
0684	融水沟
0685	先问哪种方案能让绳从门外整条回收。
0686	模拟‘托住—关门—抽销—落槽—抽回U形绳’。
0687	检查铁销、双股纤维、轴向划痕与延迟落槽声；现场没有融水项。
0688	方案为暂托销＋导向环＋无结U形回收绳；痕迹选pin、fiber、scratch、sound。
0689	八人登记
0690	去重 · 首次进入口径
0691	庙产交接、卫生员签收、文化馆介绍信、门口登记页
0692	四张表分别记了到场、进院、入殿与签收，姓名和文书号有重复。
0693	统一计数口径，完成人员去重与离场标记。
0694	底片远处男子能否排除这八人？
0695	正殿首次进入合并
0696	先选口径，再按文书号合并重复签收，最后读离场栏。
0697	计数口径
0698	曾到过庙院
0699	表上出现过姓名
0700	21:30—23:30仍活着且首次完整跨入正殿
0701	八名登记者
0702	赵成海
0703	刘庆余
0704	阿山
0705	张大福
0706	李有业
0707	周守义
0708	孙桂兰
0709	林青
0710	巡查员
0711	22:10前已离开的三人
0712	先分开‘到场’和‘完整跨入正殿’。
0713	用文书号去重，再按首次完整跨入和离开时间分类。
0714	名单里不含次日00:04才到门外的巡查员；22:10前离开的是赵、刘、孙。
0715	口径选full；八人是赵、刘、阿山、张、李、周、孙、林青；早离开为赵、刘、孙。
0716	桥头M1
0717	对帧 · 时间与方向
0718	BF-11整条底片、前后帧、齿孔、路牌、水尺与摄影日志
0719	BF-11旧缩略图缺了前后帧，整条底片与同袋摄影日志现已补入。
0720	对齐帧序、方位参照和同期去向，登记M1的最小描述。
0721	现场能否独立定义另一条未知活动链？
0722	BF-11整条底片
0723	按齿孔顺序拖排五帧，再与23:44去向对照表并读。
0724	11—15帧顺序
0725	水尺空景
0726	防汛员前景
0727	路牌与远处男子
0728	男子沿村外方向
0729	空景
0730	BF-11能证明什么
0731	M1就是林文/U1
0732	M1曾进入正殿
0733	23:44有一名不在八人离场记录中的男子向村外走
0734	M1来自北墙空间
0735	整条底片比旧缩略图多前后帧和方向参照。
0736	只比较帧序、路牌方向、时间与八人去向，不做认脸。
0737	顺序是水尺空景→防汛员前景→路牌与远人→向村外→空景。
0738	按该顺序排列；结论只选unregistered。它不连接U1、正殿或北墙空间。
0739	建筑差值
0740	叠图 · 体积差
0741	旧庙外轮廓、1998内测、墙厚与已知房间
0742	1998复测图同时给出外轮廓、内墙线、墙厚与已编号房间。
0743	在同一坐标和标尺下做一次建筑闭合。
0744	这里何时有人生活？
0745	北墙差值计算
0746	先统一坐标与标尺，再从外轮廓中扣除墙厚和已编号房间。
0747	第一步
0748	把外轮廓和内测统一到同一坐标/标尺
0749	凭截图看起来相近即可
0750	先假定废矿相通
0751	扣除墙厚和已知房间后的差值
0752	1.18 × 6.8米
0753	1.8 × 8.6米
0754	184米、低26米
0755	这个差值眼下能说明什么
0756	存在未编号墙后空间
0757	确认这里用于拘禁林文
0758	确认矿道入口
0759	先处理两张图的坐标和标尺。
0760	统一坐标后，从外轮廓内扣墙厚与所有已知房间。
0761	结果是1.18×6.8米；图面只够说明未编号空间。
0762	选same、1.18x6.8、room。不得从差值直接推出使用者或用途。
0763	生活年代
0764	分类 · 时间上下界
0765	药袋、修补线、煤烟、送食口、包装批号与新鲜断口
0766	墙后物件卡同时记有包装批号、修补层、封存号和断口状态。
0767	使用时间上下界和层位关系，排列四张物件卡。
0768	墙后生活者是否是U1？
0769	生活层时间约束
0770	先标注确定年份和时间上下界，再使用层位关系排序。
0771	从早到晚排列
0772	1974修补线下层
0773	1982以后药袋
0774	1998前封存纸本
0775	1998救援新鲜断口
0776	可保存的范围
0777	同一人1975—1998每天都在墙后
0778	该空间存在跨多个年代的生活痕迹，具体连续性另核
0779	这些物件已经确认生活者就是U1
0780	包装批号提供的是上下界，不一定是使用日。
0781	把‘确定年份’和‘最早/最晚不早于’分开，再按地层相对关系排序。
0782	1974修补线在下，1982药袋其后，1998前封存纸本，再到1998新鲜断口。
0783	顺序repair74→medicine82→paper98→break98；范围只选layers。
0784	U1、第九人和行为边界
0785	比较＋分类 · 四面板
0786	P-07/D-03/W-02/F-02、八人表、亲缘/体征筛选、U1身份合取核验回单、五项行为命题
0787	U1的匿名样本、进入记录、身份字段和行为命题分在四套表里。
0788	按面板顺序逐项核对，每张单独保存。
0789	他为什么在墙后，旧材料中的‘一人’指什么？
0790	已确认
0791	U1＝林文。
0792	仍未决
0793	桥头M1是否为U1／林文。
0794	材料撑不住
0795	林文造成三名成人死亡。
0796	面板1/4：匿名样本归一
0797	姓名栏暂时关闭。只核样本键、足迹连续性与保管链。
0798	合并键
0799	样本谱一致
0800	左足第二趾特征与连续足迹
0801	各件保管链可审计
0802	BF-11远景人脸
0803	本面板不证明
0804	姓名、动机和致死责任
0805	这些样本可归为同一U1
0806	先把姓名全部遮住。
0807	只用样本谱、足迹连续性和保管链做匿名归一。
0808	BF-11不进入U1样本合取。
0809	选择profile、toe、custody；本面板不证明identity。
0810	面板2/4：首次完整跨入回填
0811	沿用上一张的匿名U1，将其进入记录按B06口径回填。
0812	继续使用的口径
0813	首次让身体完整跨入正殿
0814	必须先有登记姓名
0815	被底片拍到
0816	22:47±1的U1应记为
0817	第九名活人
0818	八人之一重复进入
0819	桥头M1的实名回填
0820	回到B06已经确定的计数口径。
0821	把匿名U1的实际跨入记录放入表，不需要先知道姓名。
0822	22:47±1是首次完整跨入；登记八人中没有这条记录。
0823	选full和nine。本面板仍不把U1连接到M1。
0824	面板3/4：林文身份合取
0825	本面板只处理U1实名。桥头人物仍使用匿名M1，不并入身份合取。
0826	身份合取字段
0827	U1与林青全同胞关系获强支持
0828	林青只有一名有记录的全同胞哥哥林文
0829	林文1975失踪窗
0830	林文左足第二趾旧伤
0831	BF-11远景脸部
0832	按四项字段合并核验
0833	U1可确认是林文
0834	M1可确认是林文
0835	林文可确认造成三名成人死亡
0836	身份筛选必须有四类互相独立的键。
0837	合取亲缘、家庭唯一性、失踪时间窗和旧足伤。
0838	BF-11不做身份鉴定；身份确认也不分配死亡行为。
0839	选择sibling、onlyBrother、missing、toe；身份选linwen。
0840	面板4/4：五项行为证据边界
0841	身份栏已封存。本表逐条核对接触、离场与行为命题的直接来源。
0842	U1接触墙后木板
0843	可确认
0844	已排除
0845	U1接触暂托销
0846	U1于23:26离场
0847	U1完成门外落杠
0848	U1造成成人死亡
0849	同一人接触物件，不等于同一人完成所有后果。
0850	每个命题只使用自己的直接来源，身份回单不与门闩操作者专项核验捆绑。
0851	墙后木板、暂托销接触与23:26离场可确认；门外落杠和成人死亡责任不足。
0852	后出文本表象
0853	比较 · 可见字段
0854	1974人券覆写层、1982残句与三个匿名位置号
0855	1970—1974条目和1982报纸都保留了相近的字句，但两份材料的层级不同。
0856	照录后出文本的可见字段，登记它的来源状态。
0857	三个位置是否对应三名失踪儿童？
0858	后出文本字段摘录
0859	按影印页照录字段，不在空缺栏补入人名或效力判断。
0860	当前可见字段
0861	三个匿名位置号
0862	固定一人守位
0863	后手不至、前守不退
0864	三名儿童姓名
0865	非人已受纳结论
0866	来源判断
0867	记录为1970—1974覆写层，先不判断受纳或正当性
0868	已经证明这是原初古俗
0869	人改过所以必然无效
0870	先抄字段，不解释它。
0871	把‘文本写了什么’与‘它是否原初/有效’分开。
0872	可见的是位置、固定守位、后手不至；儿童姓名和受纳不在页面上。
0873	选择positions、fixed、noNext；状态选record。
0874	三人还名
0875	独立核对 · 三个短任务
0876	三组不同生活材料、最后记录、官方去向、接收缺口、个体特征与亲缘
0877	三份历史去向都有断点，项目要求三张身份单分开登记。
0878	依次完成方小禾、邓梅与许有生的独立核对单。
0879	三人是否对应三个匿名位置号？
0880	方小禾｜没交回的迁入联
0881	从学籍、迁转联、旧伤与亲缘材料中填完她这一张；别挪用另两人的特征。
0882	哪四项能接成方小禾的身份链
0883	1971最后到校记录
0884	‘随亲迁出’但接收地无迁入回执
0885	在世同胞弟弟全同胞模型
0886	上颌乳磨牙治疗痕
0887	这张回单能写到哪一步
0888	身份链可成立；死亡原因与行为人仍未决
0889	迁入空记录证明她被杀害
0890	找1971学校、迁出接收、左前臂旧伤和弟弟亲缘。
0891	生活记录→去向缺口→个体特征→独立亲缘。
0892	乳磨牙特征属于另一人，不能借用。
0893	选择school、move、radius、brother；边界选identity。
0894	邓梅｜没有落进接收簿的‘病亡’
0895	核对健康卡、三处接收簿、牙科特征与母女材料；空白处不要替她补死因。
0896	邓梅这一栏应收入哪四件材料
0897	学校健康卡与最后记录
0898	‘病亡’但医院/村医/墓地无接收
0899	在世母亲的母女模型
0900	接收簿空白后如何落笔
0901	身份链可成立；空记录不证明药物、死因或行为人
0902	墓地空记录证明具体死因
0903	找1973健康卡、医疗/墓地接收、牙科特征和母亲亲缘。
0904	空记录只排除官方接收链，不自动补出死亡机制。
0905	右胫骨特征属于许有生。
0906	选择card、hospital、dental、mother；边界选identity。
0907	许有生｜搜寻公告之后
0908	把疫苗卡、河道接收、胫骨特征和妹妹亲缘关在这一张表内。一次跑腿记录不算最终去向。
0909	搜寻公告之外，哪些字段属于许有生
0910	1974疫苗卡/最后记录
0911	‘落水失踪’但河道无无名儿童接收
0912	在世妹妹全同胞模型
0913	左桡骨愈合畸形
0914	这条河道线索最多能收窄到何处
0915	身份链可成立；河道空记录不证明死亡经过
0916	工程同期证明仪式动机
0917	找1974疫苗/最后记录、河道接收、右胫骨和妹妹亲缘。
0918	用独立生活记录、去向排除、个体特征和亲缘合取。
0919	左桡骨属于方小禾；施工同期也不证明动机。
0920	选择vaccine、river、tibia、sister；边界选identity。
0921	姓名与位置
0922	对位 · 先匿名后还名
0923	HR-01/02/03匿名单元、三期地坪工程、三个位置号与已确认身份结果
0924	HR-01、02、03先按发掘单元著录，姓名纠错记录另立一层。
0925	先完成匿名单元对位，再把已核姓名附到现代目录。
0926	如果对应成立，这真是原本就有的古俗吗？
0927	屏幕1/2：匿名单元—位置对位
0928	姓名字段尚未开放。只按单元号、工程层与位置号对位。
0929	UNIT-G14／HR-01（1971地坪层）
0930	POS-EAST-1／东一位／1971
0931	POS-WEST-2／西二位／1973
0932	POS-NORTH-3／北三位／1974
0933	UNIT-G16／HR-02（1973补铺层）
0934	UNIT-H15／HR-03（1974封面层）
0935	该对位不能证明
0936	死亡原因、行为人或仪式动机
0937	空间与年代对应
0938	先只看匿名编号、工程期和位置年代。
0939	让三组年代与三个施工层一一对应；姓名在下一屏另行附加。
0940	1971→东一位，1973→西二位，1974→北三位。
0941	屏幕2/2：现代目录还名
0942	调取三张独立身份回单，只更新现代目录的姓名字段。
0943	UNIT-G14／POS-EAST-1的现代目录姓名
0944	UNIT-G16／POS-WEST-2的现代目录姓名
0945	UNIT-H15／POS-NORTH-3的现代目录姓名
0946	还名后的边界
0947	只形成身份与空间对应；死亡责任、死因和仪式动机仍未决
0948	姓名对应确认仪式杀害
0949	使用B12三张独立身份回单。
0950	姓名只附在现代目录纠错视图，不回写旧契。
0951	东一位对应方小禾，西二位对应邓梅，北三位对应许有生。
0952	eastName=方小禾，westName=邓梅，northName=许有生；nameLimit=identity-only。
0953	原契复原
0954	版本比较 · 墨层排序
0955	1964人间存券、轮灯簿、灯油支领、巡沟页与1970—1974覆写层
0956	1964底本与1970—1974覆写层可以按行款、墨色和刮擦边缘逐处对齐。
0957	重建底本字段，标记覆写层改动的关系。
0958	改写后的实体关系是否仍在？
0959	1964底本与1970—1974覆写
0960	左栏照录底本，右栏照录覆写层；效力意见不在本张版本表内。
0961	1964原制度
0962	三户各灯，共同责任
0963	每轮一户派成年守更人
0964	三宿内后手接、前手退
0965	有明确撤契办法
0966	三个儿童固定灯位
0967	1970—1974改写
0968	户→位置
0969	轮值→固定守位
0970	遮去撤契条款
0971	原件写入三名儿童姓名
0972	眼下只能写到哪一步
0973	可确认发生人间刮改覆写；是否受纳仍未决
0974	格式完整所以必然有效
0975	把1964墨层与后写墨层分开。
0976	比较户/位置、成年轮值/固定守位、撤契条款是否仍可见。
0977	原制度含三户、成年守更、三宿交牌和撤契；后写改三处关系。
0978	original选households、adult、handover、withdraw；changes选h2p、rotate2fixed、cover；effect选human。
0979	守牌来源
0980	核对 · 物件来源链
0981	守牌、交手尾券、墙后生活层、封袋与移交记录
0982	E98-O-031守牌与交手尾券分属两张卡，但都留了编号、缺口和穿绳记录。
0983	核对物件特征和保管节点，保存一条对应意见。
0984	U1离开时越过的是普通正门还是旧守界？
0985	守牌—尾券对应
0986	本表只收物件特征与库房节点，不以人物自述补齐空栏。
0987	物件对应字段
0988	牌号一致
0989	旧缺口对应
0990	穿绳磨损与拓印相合
0991	1998原位照至2026出入库连续
0992	U1自述愿意守山
0993	结论边界
0994	确认物件编号组与来源链；不确认U1承担民俗守位
0995	确认U1是自愿守者
0996	把物件字段和人物角色字段分开。
0997	核对牌号、缺口、磨损/拓印与保管链。
0998	没有任何同期来源记录U1理解、同意或承担职役。
0999	选择number、notch、wear、custody；scope选object。
1000	旧界门槛
1001	配准 · 路线交点
1002	1964方位图、1998平面、救援记录与23:26离场路线
1003	1964旧界图与1998离场图有三个共同测点，但北向与图幅比例尚未对齐。
1004	配准两张图，登记离场路线与旧界线的交点。
1005	三宿从哪一夜开始算？
1006	1964旧界—1998路线配准
1007	勾选参与配准的图层，再从叠图上读取交点。
1008	配准所需
1009	两图北向与比例尺
1010	1964旧守界门槛线
1011	1998 23:26实际离场路线
1012	23:44底片脸部
1013	交点
1014	23:26正门处越过旧界门槛
1015	22:47从墙后空间跨入正殿
1016	23:44桥头
1017	仍不能确认
1018	U1实际承担民俗守位
1019	U1越过旧门槛
1020	先找旧方位图上的门槛线，不是墙后小门。
1021	配准北向、比例尺和正门，再叠23:26离场路线。
1022	交点在23:26正殿外门；底片不参与。
1023	选orientation、threshold、exit；cross=2326；limit=role。
1024	第三夜计算与首报比较
1025	计算 · 完整夜班
1026	1982残句、1964普通轮值实例、23:26离场与1998地质首报
1027	工单要求把民俗条款的班次口径与地质报送时间分开处理。
1028	先提交一张条件计算单，再将已封存窗口与首报比较。
1029	2026的专业处置是否只是中性检验？
1030	先算：第三个完整夜晚
1031	本页只录入条件、起点和三个完整夜班。时区按Asia/Shanghai，首报留到下一页核对。
1032	计算前提
1033	若23:26离界者当时实际持牌，且界内守牌没有活人后手持续接管
1034	档案已经确认U1实际持牌并承担民俗守位
1035	无需前提，只看离场时间
1036	条件成立时的T0
1037	第一夜
1038	第二夜
1039	第三夜
1040	T0后72小时整
1041	先写出‘若实际持牌且无后手’的条件；起算当晚不是完整夜班。
1042	从条件起算点后的第一个完整18:00—06:00夜班开始逐宿计数。
1043	第一夜从07-17 18:00开始，第三夜是07-19 18:00至07-20 06:00；时区Asia/Shanghai。
1044	前提选‘若实际持牌且无后手’，起算点选07-16 23:26，三夜依次选07-17、07-18、07-19。保存后再打开首报比较。
1045	再看：首报是否落入窗口
1046	上一页的窗口已封存。打开首报，抄录其时刻与地点，再作区间比较。
1047	与首报比较
1048	若前提成立，1998-07-19 23:41首报落在第三夜且地点为北坡
1049	时间相合证明超自然导致滑坡
1050	首报不在第三夜
1051	先抄首报的日期、时刻和地点，不要解释原因。
1052	把23:41放回上一屏算出的第三夜18:00—次日06:00窗口。
1053	首报位于07-19 23:41，地点为北坡；它落在第三夜内。
1054	选择‘若前提成立，首报落在窗口内’。这只形成条件相合，不确认实际持牌或超自然因果。
1055	实体来源与知情处置
1056	来源核对＋预览＋建议
1057	人间存券/告山副券/守牌三条独立来源卡与A/B现实动作预览
1058	三件原物分属不同保管链，两张候选方案对移动、接触和回退的安排不同。
1059	核清三条来源，读完两张处置卡，再提交一项建议。
1060	项目只记录现实执行；额外因果仍由现有材料保持未决。
1061	屏幕1/3：三件原物各自来源
1062	按发现地点、封装号与现保管主体分别登记。WT-26-04不作实体合并凭据。
1063	人间存券＋尾券
1064	1998正殿东柜收取，警方受限保管；2004只扫描
1065	2026北坡券龛原位发现
1066	1998墙后生活层收取
1067	告山副券
1068	1998正殿东柜收取
1069	2026北坡券龛原位发现并连续封装入库
1070	开场已与人间存券合封
1071	守牌
1072	1998墙后生活层原位照后独立封袋
1073	2026券龛发现
1074	2004与两券同封
1075	数字核对的物理影响
1076	阅读、OCR、对齐和保存建议都未改变原物状态
1077	数据库关联已把原物合在一起
1078	先看每张卡的‘发现/收取地点’和‘现保管主体’。
1079	把1998东柜、1998墙后、2026券龛三条链分开。
1080	人间存券在东柜；守牌在墙后；告山副券在2026券龛。
1081	屏幕2/3：六项现实动作预览
1082	两张卡均为待审处置方案。按编号、动作、移出、回退和结论范围逐行登记。
1083	确认你已逐项查看
1084	独立编号、当前保管主体与状态
1085	A的RQ-01与B的最小干预目标
1086	受权人员、时间、地点与物理动作
1087	移出、接收、返还与最终入藏主体
1088	取消条件与异常回退
1089	这回实际能动什么、材料还说不清什么
1090	你的权限
1091	我只提交处置建议；批准、接收和执行由相应机构经办人员完成
1092	我批准并接收原物
1093	每张方案卡都有六行，不只看标题。
1094	比较现实目的、物理动作、代价、回退与结论边界。
1095	填表人权限始终限于提交建议。
1096	勾选ids、questions、actions、returns、cancel、limits；authority选recommend。
1097	屏幕3/3：提交处置建议
1098	保存后生成处置建议回执。未获得原物批准、接收或经办权限。
1099	处置建议
1100	A：受控、限时、分件独立的原物同场检验
1101	B：分件独立保护与数字有界参见
1102	提交确认
1103	这是建议，不是批准
1104	不改写历史原卷
1105	儿童死亡责任与额外超自然因果仍未决
1106	选择的是现实处置建议，不是民俗立场。
1107	A多一次受控原物操作以回答窄问题；B以最小移动接受现有有界意见。
1108	两案都职业完成；都不解决儿童死亡责任、契是否退止或额外因果。
1109	在A或B中任选你知情建议的一项，并勾选advice、original、unresolved。本提示不推荐分支。
1110	第一章　旧索引比原卷跑得快
1111	第二章　第九位不是从外面来
1112	第三章　所谓古俗，是有人后来改过的
1113	第四章　先算出第三夜，再决定要不要重现关系
1114	仍在现场，所以阿山可能是唯一行为人
1115	仍在现场不等于能到达暴力作用区；旧索引的唯一行为人连接不成立
1116	底片男子可能只是八名登记者之一
1117	只确认一名未登记男子；不能证明他进入正殿、等于U1或来自墙后空间
1118	旧图完整，北墙后没有可长期使用空间
1119	图面不完整；存在未编号墙后空间
1120	墙后生活者、接触铁销者和离场足印可能不同
1121	样本键和足迹连续性支持同一U1
1122	U1在墙后生活但未必完整跨入正殿
1123	U1按既定口径是第九名活人
1124	U1仍可能对应多名历史失踪男性
1125	多键身份合取确认U1为林文
1126	三基一守是原本古俗
1127	1964是成年互助轮值；后来有人把户、轮值和撤契条款改坏
1128	还名和揭露改写已经等于退契
1129	数字纠错没有改变守牌、尾券、旧界与离场的实体关系
1130	第三夜是事后拿灾害日期倒推
1131	若23:26离界者实际持牌且无人接牌，则案前规则算出的第三夜窗口与首报相合；前提与额外因果仍未决
1132	专业检验在民俗上必然中性
1133	现实合法动作也可能重现旧文本承认的物质关系；现有材料不能确认其民俗后果
1134	档案目录维护员
1135	IDX-XGA98-ASHAN-2004现已挂为‘旧索引争议项’。原题名不删，便于查迁移时的错挂；那张箱侧便签还是没找到署名人。卷号对照已记入WT-26-04。
1136	录音与门体检尺卡已纳入本单参见。
1137	胶片数字化室
1138	BF-11旧缩略图是从中间一帧截的，底片本身没少。现已按齿孔补回11—15帧整条和摄影日志。远景清晰度不足以作面部识别。
1139	可从底片目录的‘整条’入口查阅。
1140	旧建筑测绘员
1141	我翻了旧测绘底稿。北墙那一段在1998雨后加固以前就画成实墙，从来没编过房间号。图上的沿革我可以签字，谁在里面生活过，测绘稿不记。
1142	修缮账与旧契目录已加入参见。
1143	家属联络员
1144	方小禾、邓梅、许有生三份姓名更正已分别登记，不再用一个集合称呼代替。联络记录只使用各家授权字段。
1145	民俗资料网的版本勘误另立一条记录。
1146	联络记录
1147	槐北民俗资料网站务
1148	版本记录
1149	1974条目已改挂为‘来源层待核的后出文本’。原URL、旧页与过往引用保留，页首均指向勘误记录。
1150	北坡地质组
1151	BP-1998-0719的累计降雨、页岩软化、渗水和坡脚冲刷已足以解释局部滑坡。你提交的班次表是一张条件计算：若离界者当时实际持牌且没有后手，首报落在已封存的窗口内。这两个前提不在地质报告栏目内。
1152	回单保留条件比较与自然机制两栏，前提仍标为未决。
1153	项目复核办
1154	QA-26-0813-447处置建议已登记。当前业务状态：材料复核办结；原物授权、接收与实体经办不在QC-447权限内。
1155	工单已封存，后续经办以机构审批回执为准。
1156	赵成海与红绳
1157	门闩纤维＋八人表中的防汛物资协管字段
1158	领过两盘红绳且次日少一盘的人可能在门外操作机关
1159	关键时窗不能往返；新制涤棉混纺与旧棉纱左捻不符；缺盘用于沙袋并正常核销。
1160	时间、材质和账务必须同时一致
1161	只排除赵成海操作门闩，不证明U1杀人或林青参与。
1162	时间、材质和账务三类字段合起来，能先拿掉哪一条？
1163	赵成海操作该门闩候选
1164	U1造成三名成人死亡
1165	林青参与门外落杠
1166	领物与暂盘
1167	摘录材质、领用数量和暂盘状态。
1168	卫生室与断路
1169	摘录关键时窗内的连续在场与道路状态。
1170	门闩与防汛纤维
1171	摘录门闩纤维自身的批次/捻向字段。
1172	纤维与终盘
1173	比较两种纤维并核对缺盘最终去向。
1174	2004日记伪造
1175	墙后包装卡所附PDF的创建时间
1176	2004创建的PDF可能是为配合旧案传闻伪造
1177	纸本在1998已经封存，2004只是逐页数字化。
1178	文件生成时间不等于原件形成时间
1179	只确认纸本早于数字化；日记陈述不自动证明民俗规则。
1180	这些形成与封存时间能先拿掉哪一种说法？
1181	纸本文字在2004为配合旧案传闻伪造
1182	日记陈述的民俗规则必然真实
1183	纸本作者身份已确认
1184	扫描批次属性
1185	区分数字文件创建时间与纸本形成时间。
1186	OCR校正层
1187	摘录影像、扫描与OCR字段是否分别变化。
1188	1998封存清单
1189	核对封袋号、页数和缺角形成时间。
1190	逐页扫描范围
1191	摘录哈希范围能证明和不能证明的内容。
1192	废矿暗道
1193	民俗游记中的‘庙后旧矿’＋桥头未登记者
1194	未登记者可能经旧矿进入正殿
1195	终点距正殿184米、低26米，中间连续页岩，无贯通。
1196	平面距离必须与高程、剖面同时比较
1197	排除旧矿，不提前排除北墙建筑夹层。
1198	坐标、高程和剖面共同排除的是哪一个连接？
1199	旧矿可作为U1进入正殿的通道
1200	北墙存在建筑差值
1201	北坡会发生自然滑坡
1202	庙后旧矿游记
1203	摘录口述方向以及缺失的空间字段。
1204	1992闭坑图
1205	摘录入口、终点与封堵记录。
1206	坐标与高程方法
1207	摘录平面相近为何不能替代高程和剖面。
1208	封堵与剖面复核
1209	核对距离、高差与连续岩层。
1210	同名林文
1211	旧报搜索‘林文’
1212	1996农机厂获奖者说明失踪林文仍公开生活
1213	这是1964年生、住城西且连续在岗的另一名成年人。
1214	姓名不能替代出生年、地址和连续履历
1215	不给U1提供正反证。
1216	出生年、地址和连续履历能排除哪一个连接？
1217	1996获奖者就是1975失踪的林文
1218	U1身份链成立
1219	桥头M1就是林文
1220	获奖新闻
1221	摘录报道实际给出的身份字段。
1222	职工登记
1223	摘录出生年和住址。
1224	连续履历
1225	摘录连续在岗年份。
1226	新闻回查
1227	确认新闻仅有姓名和单位，不能覆盖登记字段。
1228	1982报纸是后补印
1229	扫描文件2004生成、OCR于2012校正
1230	‘第三夜’残句可能是1998案后补写
1231	缩微胶片、发行目录和1982借阅章证明该句当时已公开。
1232	正文时间、载体复制时间和OCR校正时间必须分开
1233	只确认案前文本，不证明它会造成滑坡。
1234	出版、扫描、OCR与借阅时间能排除哪一个说法？
1235	1982残句在1998案后才补写
1236	残句造成1998滑坡
1237	残句证明民俗规则有效
1238	整版影像
1239	摘录出版日期、版次与胶片帧。
1240	OCR校正
1241	区分2004扫描与2012检索文字校正。
1242	发行和合订本
1243	核对发行目录与1982借阅章。
1244	前后版回查
1245	核对胶片前后版与118帧连续性。
1246	受控、限时、分件独立的原物同场检验
1247	待审候选 · 档案/文保准确性未外审
1248	在各件保持独立支撑且不接触拼合的前提下，回答窄问题RQ-01。
1249	三件原物按独立文书、包装和封识进入同一检查批次；原卷只提供认证数据。
1250	各原物进入同一外层校准装具的独立分格，彼此不接触、不合权属。
1251	指定鉴定人员只比较断边微形变与半印相对位置，不补字、不补纸、不重印。
1252	各原机构经办人分别核封、启封、看护、复封、返还与入库。
1253	任一批准、场地、状态、封识或运输条件不满足即取消。
1254	执行后可确认现实动作与限定意见；不能确认1974操作、民俗效力或额外因果。
1255	第三个完整夜晚出现低幅局部位移，无人受伤；同期自然条件足以解释，额外超自然因果仍未决。
1256	分件独立保护与数字有界参见
1257	完整职业方案 · 不排序
1258	接受现有影像/无损限定结论，以最小移动和最小干预完成保护与参见。
1259	三件原物继续由各自保管主体独立保存，不进入共同实体装具。
1260	保存认证高清影像、无损检测和统一校准的跨机构衍生数据。
1261	由受权文保人员按现状评估选择透气支撑、缓冲或适宜封装。
1262	发现物由指定库房验封、核收并完成最终入藏。
1263	异常状态按各自保管流程回退，不为缩小未决增加原物风险。
1264	RQ-01保持未决；不因此确认旧契无效、儿童已释放或额外因果不存在。
1265	分件独立保护、数字有界参见、最终入藏和例行监测完成；本分支不新增第三夜事件。
1266	受权经办人员已按处置流程完成独立分格检验、逐件返还与入藏。
1267	第三个完整夜晚记录到低幅局部位移，无人受伤；自然解释充分。
1268	受权经办人员已完成分件保护、数字参见、最终入藏与例行监测。
1269	没有本分支专属第三夜事件；这不能确认旧契无效或儿童已经获释。
1270	地方志照片方向标注复核
1271	已归档
1272	水损卷页码连续性抽查
1273	待管理员确认
1274	同名责任者字段合并退回
1275	已退回
1276	胶片袋号与冲洗号核对
1277	OCR日期误字复核
1278	处理中
1279	跨全宗参见关系抽查
1280	待复核
1281	旧地图坐标系备注补全
1282	公开目录隐私字段巡检
1283	M1是否为U1/林文
1284	三名成人死亡行为人的可证明分配
1285	1970—1974全部改写者与具体分工
1286	三名儿童各自死亡原因、行为人和仪式动机
1287	U1是否实际承担民俗守位
1288	1974后出关系是否被非人受纳
1289	1998及A分支滑坡是否含额外超自然作用
1290	本轮材料截止时旧契是否已经退止
1291	槐树村
1292	第九个
1293	冰块
1294	源码
1295	管理员密码
1296	唯一行为人
1297	底片袋
1298	迁移
1299	正殿
1300	轮灯
1301	守更
1302	覆写
1303	底片
1304	滑坡
1305	北坡
1306	旧庙
1307	槐县历史专卷数字化复核项目卷宗质检员 QC-447
1308	内容涉及历史死亡、失踪、长期控制、针对未成年人的伤害记录以及遗存身份核对。不含遗骸图片、图像化暴力、突然跳吓或自动播放音效。可随时退出，当前浏览会话会保留。
1309	未成年人死亡
1310	长期限制人身自由
1311	残障污名
1312	可能的仪式化伤害
1313	档案篡改
1314	无法确认的死亡责任与家属隐私
1315	虚构作品测试版。档案与文物保护流程的现实专业准确性尚未外部审查；不构成专业合规意见。
1316	存档事件在首个非法节点被截断。
1317	该复核面板不存在。
1318	提交格式无法读取，请重新选择。
1319	提交包含本面板没有的字段，请清除后重试。
1320	还有一项没有填写：
1321	当前字段
1322	还有字段没有填写。请先完成本面板的可见核对项。
1323	当前组合仍有字段不相合。请回到可见材料，按本面板的方法逐项核对。
1324	核对项相合。
1325	该提示不存在。
1326	第4级会直接显示完整可执行答案；请再次确认。
1327	上一条项目回执尚未读完。
1328	当前没有待发布的项目回执。
1329	项目内新回执已发布。
1330	该复核步骤不存在。
1331	请先建立本机复核会话。
1332	请先回工作台读完项目新回执；公开网页仍可浏览。
1333	请先返回工作台取回项目新回执；公开网页仍可浏览。
1334	上一项派生产物尚未保存。公开材料仍可浏览。
1335	该面板已经保存。
1336	请先保存当前面板；你可返回查看此前面板。
1337	已有另一项建议进入机构回执队列。
1338	处置建议已记录，等待固定机构授权事件。
1339	本项核对回单已保存。
1340	本面板已保存，可进入下一面板。
1341	B18来源核对与建议前置尚未完整保存。
1342	尚无可供机构处理的建议。
1343	A原型假定夹具未声明，不能授权。
1344	固定机构已形成独立授权回执。
1345	机构授权事件尚未形成。
1346	另一分支已经执行，当前分支永久拒绝。
1347	固定人员执行完毕，终局回执已铸成。
1348	没有这条公开记录链。
1349	请先建立复核会话。
1350	这条记录没有从当前页直接指向所选页面。
1351	还有来源页面没有摘录。
1352	这个结论超过了来源能排除的范围；先只关掉对得上的那一条。
1353	有限排除已保存；主线前置没有改变。
1354	请输入一个汉字词。
1355	一次只搜一个词。
1356	请用已打开页上的汉字词。英文或符号检不到条目。
1357	没有这个站点。
1358	此文件已被禁止访问。
1359	抱歉，没有找到与“
1360	”相关的结果。换一个已读页上的词试试。
1361	共有 
1362	 项符合条件的结果。
1363	镇山契：第九位到访者
1364	旧帖无署名
1365	旧事闲谈
1366	回复时间未收录
1367	镜像含编辑记录
1368	转帖人佚名
1369	转帖区
1370	末帖时间未存
1371	未见改帖记录
1372	原ID未保留
1373	木工杂谈
1374	最后一帖时间佚失
1375	是否编辑未标明
1376	街坊号佚失
1377	互助帖时间未存
1378	未见编辑痕
1379	问路帖佚名
1380	末层时间未收录
1381	编辑记录未存
1382	生活区佚名
1383	回复钟点未存
1384	未见改帖
1385	校友ID未留
1386	聚会帖时间佚失
1387	编辑记录缺失
1388	钓友署名未留
1389	末帖钟点未存
1390	佚名
1391	未计
1392	未分类
1393	时间未存
1394	未见编辑记录
1395	表格目录
1396	平面方位
1397	时间线事件
1398	波形媒体
1399	实物痕迹
1400	方案流程
1401	五格底片接触印样，保留齿孔、时间尺与方位标记；具体方向需与摄影日志并读。
1402	底片袋BF-11数字接触印样；影像、齿孔连续性与摄影日志分层核对。
1403	1982年旧报第四版整版缩微影像，版头、栏序和报道区块均可见。
1404	馆藏整版影像；OCR只作定位，版次与正文以影像为准。
1405	1998年旧祠测绘平面图，标有正殿、墙体、门口、比例尺和测点。
1406	公开测绘图件；位置关系须与比例尺、坐标和调查范围一起读取。
1407	1964年轮灯抄本页的数字影像，纸面、行款、批注和残损边界可见。
1408	1964年抄本数字影像；转写与版本说明另列，不以现代排版替代底本。
1409	1974年后出文本页数字影像，可见不同笔迹、刮改和覆写区域。
1410	1974年后出文本数字影像；版本关系与字面效力分别记录。
1411	AV-04音轨波形与分段时间尺，含多段声音起止位置但不自动指认说话人。
1412	AV-04波形视图；波形只支持相对顺序和时间段核对。
1413	1964年旧界图数字副本，标有北向、界线、门槛和参照点。
1414	1964年旧界图；年代、北向和门槛位置须与其他来源分开核对。
1415	1998年23时26分离开记录的路径图，标有正殿、南门和旧界门槛。
1416	23:26离开记录路径图；路线记录不证明当事人携带何物。
1417	门体、门杠、门销与绳索位置的构件关系图，标出内外侧和接触点。
1418	门体构件关系图；构件相合不等于确认操作者。
1419	门杠与门销痕迹记录页，含纤维、擦痕、方位和测量标记。
1420	门部痕迹记录页；观察字段与责任判断分开。
1421	查看固定公开版本记录
1422	查看整条底片
1423	查看公开测绘数据
1424	查看固定公开勘误记录
1425	查看公开地质记录
1426	查看项目执行回执
1427	确认附件归属存在迁移冲突；WT-26-04只是跨机构数字记录清单。
1428	旧索引和论坛传播不能替代原卷来源层级。
1429	旧索引的‘唯一行为人’连接不成立；不等于作出法律无责结论。
1430	校准只建立声音相对顺序，不单独确认发声者。
1431	构件候选在几何与痕迹上相合；操作者和死亡责任仍需独立来源。
1432	按首次完整跨入正殿口径，登记表可去重为八人。
1433	M1只是一名23:44向村外走的未登记男子；不能连接U1、正殿或墙后空间。
1434	存在未编号墙后空间；差值不说明使用者和用途。
1435	空间有跨年代生活层；不能填满每一天或提前实名。
1436	U1身份、进入计数、物件接触与行为责任已分层；门外落杠和成人死亡责任仍未决。
1437	只保存后出文本表象，不确认它是原初古俗或已被受纳。
1438	三名儿童分别还名；三条身份链不共用生活、体征或亲缘来源。
1439	先匿名单元对位，再在现代目录另屏还名；死亡原因、行为人和仪式动机未决。
1440	确认人间刮改覆写；‘人改过’不等于‘所以无效’。
1441	守牌与尾券属于同一编号组；不能确认U1理解、同意或承担民俗守位。
1442	确认23:26越过旧界门槛；仍不能确认离界者当时实际持牌。
1443	仅形成条件相合：若实际持牌且无后手，首报落在第三夜窗口；不确认起算前提或额外因果。
1444	QC-447只提交建议；项目责任机构另行授权，受权经办人员执行后才形成处理回执。